{
    "knobs": [
        { "id": "Exposure2012", "name": "Exposure" },
        { "id": "Contrast2012", "name": "Contrast" },
        { "id": "Highlights2012", "name": "Highlights" },
        { "id": "Shadows2012", "name": "Shadows" },
        { "id": "Whites2012", "name": "Whites" },
        { "id": "Blacks2012", "name": "Blacks" },
        { "id": "Texture", "name": "Texture" },
        { "id": "Clarity2012", "name": "Clarity" },
        { "id": "Dehaze", "name": "Dehaze" },
        { "id": "Vibrance", "name": "Vibrance" },
        { "id": "Saturation", "name": "Saturation" },
        { "id": "Temperature", "name": "Temp" },
        { "id": "Tint", "name": "Tint" },

        { "id": "SharpeningAmount", "name": "Sharpen Amt" },
        { "id": "SharpeningRadius", "name": "Sharpen Rad" },
        { "id": "SharpeningDetail", "name": "Sharpen Detail" },
        { "id": "SharpeningMasking", "name": "Sharpen Mask" },
        { "id": "NoiseReductionLuminance", "name": "NR Luma" },
        { "id": "NoiseReductionLuminanceDetail", "name": "NR Luma Detail" },
        { "id": "NoiseReductionLuminanceContrast", "name": "NR Luma Contrast" },
        { "id": "NoiseReductionColor", "name": "NR Color" },
        { "id": "NoiseReductionColorDetail", "name": "NR Color Detail" },
        { "id": "NoiseReductionColorSmoothness", "name": "NR Color Smooth" },

        { "id": "PostCropVignetteAmount", "name": "Vignette Amt" },
        { "id": "PostCropVignetteMidpoint", "name": "Vignette Mid" },
        { "id": "PostCropVignetteRoundness", "name": "Vignette Round" },
        { "id": "PostCropVignetteFeather", "name": "Vignette Feather" },
        { "id": "PostCropVignetteHighlights", "name": "Vignette HL" },
        { "id": "GrainAmount", "name": "Grain Amt" },
        { "id": "GrainSize", "name": "Grain Size" },
        { "id": "GrainFrequency", "name": "Grain Freq" },

        { "id": "UprightYaw", "name": "Yaw" },
        { "id": "UprightPitch", "name": "Pitch" },
        { "id": "UprightRoll", "name": "Roll" },
        { "id": "PerspectiveVertical", "name": "Vert" },
        { "id": "PerspectiveHorizontal", "name": "Horiz" },
        { "id": "PerspectiveRotate", "name": "Rotate" },
        { "id": "AspectRatio", "name": "Aspect" },
        { "id": "Scale", "name": "Scale" },
        { "id": "XOffset", "name": "X Offset" },
        { "id": "YOffset", "name": "Y Offset" },

        { "id": "CalibrationShadowsTint", "name": "Cal Shadows Tint" },
        { "id": "CalibrationRedPrimaryHue", "name": "Cal Red Hue" },
        { "id": "CalibrationRedPrimarySaturation", "name": "Cal Red Sat" },
        { "id": "CalibrationGreenPrimaryHue", "name": "Cal Green Hue" },
        { "id": "CalibrationGreenPrimarySaturation", "name": "Cal Green Sat" },
        { "id": "CalibrationBluePrimaryHue", "name": "Cal Blue Hue" },
        { "id": "CalibrationBluePrimarySaturation", "name": "Cal Blue Sat" },

        { "id": "ParametricHighlights", "name": "Curve Highlights" },
        { "id": "ParametricLights", "name": "Curve Lights" },
        { "id": "ParametricDarks", "name": "Curve Darks" },
        { "id": "ParametricShadows", "name": "Curve Shadows" },

        { "id": "HSL.Hue.Red", "name": "Hue Red" },
        { "id": "HSL.Hue.Orange", "name": "Hue Orange" },
        { "id": "HSL.Hue.Yellow", "name": "Hue Yellow" },
        { "id": "HSL.Hue.Green", "name": "Hue Green" },
        { "id": "HSL.Hue.Aqua", "name": "Hue Aqua" },
        { "id": "HSL.Hue.Blue", "name": "Hue Blue" },
        { "id": "HSL.Hue.Purple", "name": "Hue Purple" },
        { "id": "HSL.Hue.Magenta", "name": "Hue Magenta" },

        { "id": "HSL.Sat.Red", "name": "Sat Red" },
        { "id": "HSL.Sat.Orange", "name": "Sat Orange" },
        { "id": "HSL.Sat.Yellow", "name": "Sat Yellow" },
        { "id": "HSL.Sat.Green", "name": "Sat Green" },
        { "id": "HSL.Sat.Aqua", "name": "Sat Aqua" },
        { "id": "HSL.Sat.Blue", "name": "Sat Blue" },
        { "id": "HSL.Sat.Purple", "name": "Sat Purple" },
        { "id": "HSL.Sat.Magenta", "name": "Sat Magenta" },

        { "id": "HSL.Lum.Red", "name": "Lum Red" },
        { "id": "HSL.Lum.Orange", "name": "Lum Orange" },
        { "id": "HSL.Lum.Yellow", "name": "Lum Yellow" },
        { "id": "HSL.Lum.Green", "name": "Lum Green" },
        { "id": "HSL.Lum.Aqua", "name": "Lum Aqua" },
        { "id": "HSL.Lum.Blue", "name": "Lum Blue" },
        { "id": "HSL.Lum.Purple", "name": "Lum Purple" },
        { "id": "HSL.Lum.Magenta", "name": "Lum Magenta" }
    ],
    "buttons": [
        { "id": "ToggleBeforeAfter", "name": "Before/After" },
        { "id": "Reset", "name": "Reset" },
        { "id": "CopySettings", "name": "Copy" },
        { "id": "PasteSettings", "name": "Paste" }
    ]
}
